[[{"func": "init", "args": [72, 6, 53, 10, 26], "answer": -1}, {"func": "addPlayer", "args": [63], "answer": -1}, {"func": "addPlayer", "args": [69], "answer": -1}, {"func": "winnerDistances", "args": [7, 45], "answer": 36}, {"func": "winnerDistances", "args": [8, 80], "answer": 293}, {"func": "addPlayer", "args": [91], "answer": -1}, {"func": "addPlayer", "args": [1], "answer": -1}, {"func": "winnerDistances", "args": [64, 86], "answer": 141}, {"func": "addPlayer", "args": [15], "answer": -1}, {"func": "addPlayer", "args": [85], "answer": -1}, {"func": "addPlayer", "args": [99], "answer": -1}, {"func": "addPlayer", "args": [56], "answer": -1}, {"func": "addPlayer", "args": [65], "answer": -1}, {"func": "addPlayer", "args": [76], "answer": -1}, {"func": "winnerDistances", "args": [8, 32], "answer": 51}, {"func": "winnerDistances", "args": [11, 12], "answer": 0}], [{"func": "init", "args": [20, 11, 23, 86, 76], "answer": -1}, {"func": "winnerDistances", "args": [43, 58], "answer": 0}, {"func": "addPlayer", "args": [85], "answer": -1}, {"func": "winnerDistances", "args": [2, 37], "answer": 54}, {"func": "addPlayer", "args": [19], "answer": -1}, {"func": "winnerDistances", "args": [15, 49], "answer": 62}, {"func": "winnerDistances", "args": [40, 56], "answer": 0}, {"func": "winnerDistances", "args": [73, 96], "answer": 247}, {"func": "addPlayer", "args": [1], "answer": -1}, {"func": "addPlayer", "args": [87], "answer": -1}, {"func": "addPlayer", "args": [3], "answer": -1}, {"func": "addPlayer", "args": [97], "answer": -1}, {"func": "addPlayer", "args": [47], "answer": -1}, {"func": "addPlayer", "args": [6], "answer": -1}, {"func": "addPlayer", "args": [43], "answer": -1}, {"func": "addPlayer", "args": [94], "answer": -1}], [{"func": "init", "args": [174, 141, 27, 61, 156, 176, 7, 35, 115, 20], "answer": -1}, {"func": "addPlayer", "args": [91], "answer": -1}, {"func": "addPlayer", "args": [193], "answer": -1}, {"func": "addPlayer", "args": [160], "answer": -1}, {"func": "addPlayer", "args": [67], "answer": -1}, {"func": "addPlayer", "args": [190], "answer": -1}, {"func": "addPlayer", "args": [9], "answer": -1}, {"func": "winnerDistances", "args": [97, 101], "answer": 0}, {"func": "addPlayer", "args": [37], "answer": -1}, {"func": "addPlayer", "args": [187], "answer": -1}, {"func": "addPlayer", "args": [173], "answer": -1}, {"func": "addPlayer", "args": [56], "answer": -1}, {"func": "addPlayer", "args": [149], "answer": -1}, {"func": "addPlayer", "args": [199], "answer": -1}, {"func": "winnerDistances", "args": [9, 78], "answer": 312}, {"func": "addPlayer", "args": [153], "answer": -1}, {"func": "addPlayer", "args": [44], "answer": -1}, {"func": "addPlayer", "args": [25], "answer": -1}, {"func": "addPlayer", "args": [77], "answer": -1}, {"func": "addPlayer", "args": [113], "answer": -1}, {"func": "winnerDistances", "args": [117, 192], "answer": 1659}, {"func": "winnerDistances", "args": [118, 180], "answer": 1282}, {"func": "winnerDistances", "args": [16, 31], "answer": 72}, {"func": "addPlayer", "args": [99], "answer": -1}, {"func": "addPlayer", "args": [4], "answer": -1}, {"func": "addPlayer", "args": [130], "answer": -1}, {"func": "winnerDistances", "args": [63, 106], "answer": 334}, {"func": "addPlayer", "args": [59], "answer": -1}, {"func": "addPlayer", "args": [143], "answer": -1}, {"func": "addPlayer", "args": [135], "answer": -1}, {"func": "addPlayer", "args": [184], "answer": -1}, {"func": "addPlayer", "args": [26], "answer": -1}, {"func": "winnerDistances", "args": [69, 137], "answer": 760}, {"func": "addPlayer", "args": [46], "answer": -1}, {"func": "addPlayer", "args": [111], "answer": -1}, {"func": "winnerDistances", "args": [169, 190], "answer": 1084}, {"func": "addPlayer", "args": [78], "answer": -1}, {"func": "winnerDistances", "args": [20, 195], "answer": 3631}, {"func": "addPlayer", "args": [180], "answer": -1}, {"func": "winnerDistances", "args": [119, 151], "answer": 698}, {"func": "addPlayer", "args": [43], "answer": -1}], [{"func": "init", "args": [177, 429, 313, 452, 29, 272, 338, 148, 56, 433, 89, 230, 348, 443, 33, 176, 193, 97, 434, 107, 347, 337, 232, 139, 285, 306, 449, 263, 471, 318], "answer": -1}, {"func": "addPlayer", "args": [367], "answer": -1}, {"func": "addPlayer", "args": [457], "answer": -1}, {"func": "addPlayer", "args": [173], "answer": -1}, {"func": "addPlayer", "args": [249], "answer": -1}, {"func": "addPlayer", "args": [208], "answer": -1}, {"func": "winnerDistances", "args": [382, 394], "answer": 0}, {"func": "winnerDistances", "args": [274, 275], "answer": 0}, {"func": "addPlayer", "args": [447], "answer": -1}, {"func": "addPlayer", "args": [248], "answer": -1}, {"func": "addPlayer", "args": [205], "answer": -1}, {"func": "addPlayer", "args": [48], "answer": -1}, {"func": "addPlayer", "args": [283], "answer": -1}, {"func": "addPlayer", "args": [370], "answer": -1}, {"func": "winnerDistances", "args": [140, 298], "answer": 3342}, {"func": "addPlayer", "args": [323], "answer": -1}, {"func": "addPlayer", "args": [437], "answer": -1}, {"func": "addPlayer", "args": [202], "answer": -1}, {"func": "addPlayer", "args": [349], "answer": -1}, {"func": "addPlayer", "args": [379], "answer": -1}, {"func": "winnerDistances", "args": [9, 245], "answer": 2542}, {"func": "winnerDistances", "args": [51, 137], "answer": 349}, {"func": "addPlayer", "args": [326], "answer": -1}, {"func": "addPlayer", "args": [397], "answer": -1}, {"func": "addPlayer", "args": [98], "answer": -1}, {"func": "addPlayer", "args": [122], "answer": -1}, {"func": "addPlayer", "args": [145], "answer": -1}, {"func": "addPlayer", "args": [39], "answer": -1}, {"func": "winnerDistances", "args": [49, 450], "answer": 12287}, {"func": "addPlayer", "args": [25], "answer": -1}, {"func": "addPlayer", "args": [20], "answer": -1}, {"func": "winnerDistances", "args": [182, 238], "answer": 1270}, {"func": "winnerDistances", "args": [257, 328], "answer": 2689}, {"func": "addPlayer", "args": [406], "answer": -1}, {"func": "addPlayer", "args": [277], "answer": -1}, {"func": "addPlayer", "args": [153], "answer": -1}, {"func": "addPlayer", "args": [362], "answer": -1}, {"func": "winnerDistances", "args": [279, 393], "answer": 5351}, {"func": "winnerDistances", "args": [282, 493], "answer": 10606}, {"func": "addPlayer", "args": [199], "answer": -1}, {"func": "winnerDistances", "args": [343, 414], "answer": 3325}, {"func": "addPlayer", "args": [287], "answer": -1}, {"func": "addPlayer", "args": [237], "answer": -1}, {"func": "addPlayer", "args": [430], "answer": -1}, {"func": "addPlayer", "args": [71], "answer": -1}, {"func": "addPlayer", "args": [57], "answer": -1}, {"func": "addPlayer", "args": [203], "answer": -1}, {"func": "winnerDistances", "args": [153, 342], "answer": 7013}, {"func": "winnerDistances", "args": [157, 488], "answer": 15067}, {"func": "addPlayer", "args": [445], "answer": -1}, {"func": "addPlayer", "args": [190], "answer": -1}, {"func": "winnerDistances", "args": [114, 475], "answer": 16409}, {"func": "addPlayer", "args": [53], "answer": -1}, {"func": "winnerDistances", "args": [19, 131], "answer": 944}, {"func": "addPlayer", "args": [493], "answer": -1}, {"func": "addPlayer", "args": [310], "answer": -1}, {"func": "addPlayer", "args": [279], "answer": -1}, {"func": "winnerDistances", "args": [333, 473], "answer": 9327}, {"func": "winnerDistances", "args": [27, 383], "answer": 11645}, {"func": "winnerDistances", "args": [277, 401], "answer": 6901}, {"func": "addPlayer", "args": [155], "answer": -1}, {"func": "addPlayer", "args": [309], "answer": -1}, {"func": "addPlayer", "args": [240], "answer": -1}, {"func": "addPlayer", "args": [135], "answer": -1}, {"func": "addPlayer", "args": [380], "answer": -1}, {"func": "addPlayer", "args": [213], "answer": -1}, {"func": "winnerDistances", "args": [244, 470], "answer": 13884}, {"func": "addPlayer", "args": [407], "answer": -1}, {"func": "winnerDistances", "args": [133, 377], "answer": 11419}, {"func": "addPlayer", "args": [343], "answer": -1}, {"func": "addPlayer", "args": [480], "answer": -1}], [{"func": "init", "args": [858, 259, 666, 4, 779, 902, 44, 987, 928, 117, 255, 128, 809, 655, 268, 15, 672, 674, 270, 468, 622, 742, 265, 905, 861, 165, 755, 706, 1, 328, 72, 528, 567, 428, 383, 887, 86, 829, 186, 773, 818, 463, 599, 301, 39, 288, 20, 146, 922, 264], "answer": -1}, {"func": "addPlayer", "args": [633], "answer": -1}, {"func": "addPlayer", "args": [485], "answer": -1}, {"func": "addPlayer", "args": [803], "answer": -1}, {"func": "addPlayer", "args": [671], "answer": -1}, {"func": "winnerDistances", "args": [587, 624], "answer": 1221}, {"func": "winnerDistances", "args": [233, 539], "answer": 5253}, {"func": "addPlayer", "args": [293], "answer": -1}, {"func": "addPlayer", "args": [136], "answer": -1}, {"func": "addPlayer", "args": [13], "answer": -1}, {"func": "winnerDistances", "args": [214, 981], "answer": 24582}, {"func": "winnerDistances", "args": [116, 195], "answer": 878}, {"func": "addPlayer", "args": [975], "answer": -1}, {"func": "addPlayer", "args": [540], "answer": -1}, {"func": "addPlayer", "args": [938], "answer": -1}, {"func": "addPlayer", "args": [204], "answer": -1}, {"func": "addPlayer", "args": [218], "answer": -1}, {"func": "addPlayer", "args": [728], "answer": -1}, {"func": "winnerDistances", "args": [843, 977], "answer": 8176}, {"func": "addPlayer", "args": [450], "answer": -1}, {"func": "winnerDistances", "args": [365, 446], "answer": 811}, {"func": "winnerDistances", "args": [495, 873], "answer": 16288}, {"func": "addPlayer", "args": [342], "answer": -1}, {"func": "winnerDistances", "args": [593, 727], "answer": 5898}, {"func": "addPlayer", "args": [838], "answer": -1}, {"func": "addPlayer", "args": [750], "answer": -1}, {"func": "winnerDistances", "args": [139, 894], "answer": 25492}, {"func": "addPlayer", "args": [56], "answer": -1}, {"func": "addPlayer", "args": [784], "answer": -1}, {"func": "addPlayer", "args": [661], "answer": -1}, {"func": "addPlayer", "args": [598], "answer": -1}, {"func": "winnerDistances", "args": [601, 893], "answer": 17974}, {"func": "addPlayer", "args": [214], "answer": -1}, {"func": "winnerDistances", "args": [44, 990], "answer": 34945}, {"func": "addPlayer", "args": [310], "answer": -1}, {"func": "addPlayer", "args": [25], "answer": -1}, {"func": "winnerDistances", "args": [160, 397], "answer": 4813}, {"func": "addPlayer", "args": [940], "answer": -1}, {"func": "winnerDistances", "args": [629, 962], "answer": 22887}, {"func": "addPlayer", "args": [133], "answer": -1}, {"func": "winnerDistances", "args": [67, 327], "answer": 4578}, {"func": "addPlayer", "args": [774], "answer": -1}, {"func": "winnerDistances", "args": [796, 911], "answer": 8510}, {"func": "addPlayer", "args": [634], "answer": -1}, {"func": "winnerDistances", "args": [385, 648], "answer": 7015}, {"func": "addPlayer", "args": [850], "answer": -1}, {"func": "addPlayer", "args": [437], "answer": -1}, {"func": "winnerDistances", "args": [414, 581], "answer": 4366}, {"func": "winnerDistances", "args": [378, 685], "answer": 11834}, {"func": "addPlayer", "args": [478], "answer": -1}, {"func": "addPlayer", "args": [743], "answer": -1}, {"func": "winnerDistances", "args": [290, 327], "answer": 904}, {"func": "addPlayer", "args": [263], "answer": -1}, {"func": "addPlayer", "args": [517], "answer": -1}, {"func": "addPlayer", "args": [799], "answer": -1}, {"func": "addPlayer", "args": [50], "answer": -1}, {"func": "addPlayer", "args": [205], "answer": -1}, {"func": "winnerDistances", "args": [293, 456], "answer": 3272}, {"func": "addPlayer", "args": [241], "answer": -1}, {"func": "addPlayer", "args": [781], "answer": -1}, {"func": "addPlayer", "args": [500], "answer": -1}, {"func": "addPlayer", "args": [669], "answer": -1}, {"func": "addPlayer", "args": [996], "answer": -1}, {"func": "winnerDistances", "args": [275, 619], "answer": 9303}, {"func": "winnerDistances", "args": [129, 450], "answer": 7252}, {"func": "addPlayer", "args": [232], "answer": -1}, {"func": "addPlayer", "args": [951], "answer": -1}, {"func": "winnerDistances", "args": [322, 627], "answer": 8733}, {"func": "addPlayer", "args": [493], "answer": -1}, {"func": "addPlayer", "args": [363], "answer": -1}, {"func": "addPlayer", "args": [547], "answer": -1}, {"func": "addPlayer", "args": [127], "answer": -1}, {"func": "addPlayer", "args": [244], "answer": -1}, {"func": "addPlayer", "args": [375], "answer": -1}, {"func": "addPlayer", "args": [267], "answer": -1}, {"func": "addPlayer", "args": [71], "answer": -1}, {"func": "addPlayer", "args": [603], "answer": -1}, {"func": "addPlayer", "args": [766], "answer": -1}, {"func": "addPlayer", "args": [297], "answer": -1}, {"func": "addPlayer", "args": [726], "answer": -1}, {"func": "addPlayer", "args": [823], "answer": -1}, {"func": "addPlayer", "args": [754], "answer": -1}, {"func": "addPlayer", "args": [445], "answer": -1}, {"func": "addPlayer", "args": [713], "answer": -1}, {"func": "addPlayer", "args": [786], "answer": -1}, {"func": "addPlayer", "args": [787], "answer": -1}, {"func": "addPlayer", "args": [852], "answer": -1}, {"func": "addPlayer", "args": [397], "answer": -1}, {"func": "addPlayer", "args": [439], "answer": -1}, {"func": "addPlayer", "args": [822], "answer": -1}, {"func": "addPlayer", "args": [562], "answer": -1}, {"func": "addPlayer", "args": [700], "answer": -1}, {"func": "winnerDistances", "args": [380, 663], "answer": 14132}, {"func": "winnerDistances", "args": [336, 846], "answer": 38652}, {"func": "addPlayer", "args": [378], "answer": -1}, {"func": "addPlayer", "args": [632], "answer": -1}]]