
[[{"func": "init", "args": [1], "answer": null}, 
{"func": "percolates", "args": [], "answer": false}, 
{"func": "open", "args": [0, 0], "answer": null}, 
{"func": "isFull", "args": [0, 0], "answer": true}, 
{"func": "percolates", "args": [], "answer": true},
{"func": "PercolatedRegion", "args": [0, 0], "answer": null}],
[{"func": "init", "args": [3], "answer": null},
  {"func": "open", "args": [0, 2], "answer": null},
  {"func": "isFull", "args": [0, 2], "answer": true},
  {"func": "open", "args": [2, 2], "answer": null},
  {"func": "isFull", "args": [2, 2], "answer": false},
  {"func": "open", "args": [1, 2], "answer": null},
  {"func": "percolates", "args": [], "answer": true},
  {"func": "PercolatedRegion", "args": [0,2,1,2,2,2], "answer": null},
  {"func": "open", "args": [2, 0], "answer": null},
  {"func": "isFull", "args": [2, 0], "answer": false},
  {"func": "open", "args": [2, 1], "answer": null},
  {"func": "isFull", "args": [2, 1], "answer": true},
  {"func": "PercolatedRegion", "args": [0,2,1,2,2,2], "answer": null}],

[{"func": "init", "args": [5], "answer": null},
{"func": "open", "args": [0, 4], "answer": null},
{"func": "open", "args": [1, 4], "answer": null},
{"func": "open", "args": [4, 1], "answer": null},
  {"func": "percolates", "args": [], "answer": false},
  {"func": "isFull", "args": [4, 1], "answer": false},
  {"func": "open", "args": [2, 4], "answer": null},
  {"func": "open", "args": [4, 0], "answer": null},
  {"func": "open", "args": [4, 3], "answer": null},
  {"func": "percolates", "args": [], "answer": false},
  {"func": "isFull", "args": [4, 1], "answer": false},
  {"func": "isFull", "args": [4, 0], "answer": false},
  {"func": "open", "args": [2, 3], "answer": null},
  {"func": "open", "args": [2, 2], "answer": null},
  {"func": "open", "args": [2, 0], "answer": null},
  {"func": "isFull", "args": [2, 0], "answer": false},
  {"func": "percolates", "args": [], "answer": false},
  {"func": "open", "args": [3, 0], "answer": null},
  {"func": "open", "args": [2, 1], "answer": null},
  {"func": "isFull", "args": [2, 0], "answer": true},
  {"func": "isFull", "args": [4, 1], "answer": true},
  {"func": "isFull", "args": [4, 3], "answer": false},
  {"func": "percolates", "args": [], "answer": true},
  {"func": "PercolatedRegion", "args": [2,0,3,0,4,0,2,1,4,1,2,2,2,3,0,4,1,4,2,4], "answer": null}]

]

