[[
{"houses": [[0, 0], [2, 0], [0, 2], [1, 1], [2, 2]], "answer": 1.0}, 
{"houses": [[9, 9], [8, 9], [7, 9], [11, 12], [15, 15], [15, 10], [15, 11]], "answer": 1.2857142857142865}, 
{"houses": [[9, 9], [8, 9], [7, 9], [11, 13], [15, 15], [15, 10], [15, 11]], "answer": 1.4326197465181143}, 
{"houses": [[3, 3], [3, 2], [3, 1], [1, 3], [2, 3], [3, 4], [3, 5], [4, 3], [5, 3]], "answer": 1.414213562373095}, 
{"houses": [[3, 3], [3, 4], [3, 5], [4, 3], [5, 3]], "answer": 0.5656854249492379}, {"houses": [[0, 0], [0, 1]], "answer": 0.0}, 
{"houses": [[7, 7], [6, 6], [5, 5], [4, 4], [3, 3]], "answer": 0.0}, 
{"houses": [[17, 1], [18, 5], [19, 3], [2, 15], [7, 7], [16, 0], [1, 11], [2, 16], [5, 19], [8, 10]], "answer": 3.171859650365775}, 
{"houses": [[7, 3], [7, 21], [1, 3], [1, 21], [4, 12]], "answer": 3.0}, {"houses": [[3, 3], [4, 3], [1, 3], [3, 5], [3, 1]], "answer": 1.0733126291998991}
]]