[
  [
    {"answer": null, "func": "init", "args": [11, 11]},

    {"answer": null, "func": "putStone", "args": [[3,3,4,4,5,5,6,6,7,7,7], [5,6,7,8,5,9,5,9,6,7,8], "X"]},
    {"answer": null, "func": "countConnectedRegions","args":[5]},
    {"answer": null, "func": "putStone", "args": [[4,5,5,5,6,6,7], [9,7,8,10,8,10,9], "O"]},
    {"answer": true, "func": "surrounded", "args":[5,9]},
    {"answer": false, "func": "surrounded", "args":[5,8]},
    {"answer": null, "func": "countConnectedRegions","args":[9]},

    {"answer": null, "func": "putStone", "args": [[4,4,5,6,6], [5,6,6,6,7], "O"]},
    {"answer": false, "func": "surrounded", "args":[6,6]},
    {"answer": null, "func": "countConnectedRegions","args":[9]},

    {"answer": null, "func": "putStone", "args": [[0,1,1,2,2,3,4,4,5,5,5], [2,1,3,1,4,0,0,3,1,2,4], "X"]},
    {"answer": false, "func": "surrounded", "args":[2,4]},
    {"answer": null, "func": "countConnectedRegions","args":[16]},

    {"answer": null, "func": "putStone", "args": [[0,1,2,2,3,3], [3,4,3,5,3,4], "O"]},
    {"answer": true, "func": "surrounded", "args":[2,4]},
    {"answer": false, "func": "surrounded", "args":[1,3]},
    {"answer": null, "func": "countConnectedRegions","args":[20]},

    {"answer": null, "func": "putStone", "args": [[0,1,2,3,3,4,4], [1,2,2,1,2,1,2], "O"]},
    {"answer": false, "func": "surrounded", "args":[0,2]},
    {"answer": false, "func": "surrounded", "args":[2,3]},
    {"answer": false, "func": "surrounded", "args":[4,5]},
    {"answer": null, "func": "countConnectedRegions","args":[21]},

    {"answer": null, "func": "putStone", "args": [[4], [4], "O"]},
    {"answer": true, "func": "surrounded", "args": [4, 5]},
    {"answer": true, "func": "surrounded", "args": [4, 2]},
    {"answer": true, "func": "surrounded", "args": [3, 1]},
    {"answer": null, "func": "countConnectedRegions","args":[20]}
  ],[
  {"answer": null, "func": "init", "args": [6, 6]},
  {"answer": null, "func": "putStone", "args": [[1,2,2,3,4], [5,1,2,3,4], "O"]},
  {"answer": null, "func": "countConnectedRegions","args":[4]},

  {"answer": null, "func": "putStone", "args": [[0,1,1,2,2,2,3,3,4,4,5], [5,1,4,0,3,5,1,4,3,5,4], "X"]},
  {"answer": true, "func": "surrounded", "args":[4,4]},
  {"answer": false, "func": "surrounded", "args":[1,5]},
  {"answer": null, "func": "countConnectedRegions","args":[15]},

  {"answer": null, "func": "putStone", "args": [[0,1,4], [4,2,2], "X"]},
  {"answer": null, "func": "countConnectedRegions","args":[14]},

  {"answer": null, "func": "putStone", "args": [[0,1,2,3], [3,3,4,5], "O"]},
  {"answer": null, "func": "countConnectedRegions","args":[17]},

  {"answer": false, "func": "surrounded", "args":[1,3]},
  {"answer": false, "func": "surrounded", "args":[3,5]},
  {"answer": false, "func": "surrounded", "args":[2,1]},
  {"answer": true, "func": "surrounded", "args":[2,4]},
  {"answer": null, "func": "putStone", "args": [[3], [2], "O"]},
  {"answer": true, "func": "surrounded", "args":[3,3]},
  {"answer": true, "func": "surrounded", "args":[3,2]},
  {"answer": null, "func": "countConnectedRegions","args":[16]}
],[
  {"answer": null, "func": "init", "args": [10,10]},
  {"answer": null, "func": "putStone", "args": [[4,4,5,5,5,6,6], [4,5,4,5,6,4,6], "O"]},
  {"answer": null, "func": "countConnectedRegions","args":[1]},

  {"answer": null, "func": "putStone", "args": [[2,2,2,3,3,4,4,5,5,6,6,6,7,7], [3,5,6,4,6,3,6,3,7,3,5,7,3,6], "X"]},
  {"answer": false, "func": "surrounded", "args":[5,4]},
  {"answer": false, "func": "surrounded", "args":[6,6]},
  {"answer": null, "func": "countConnectedRegions","args":[8]},

  {"answer": null, "func": "putStone", "args": [[7], [4], "X"]},
  {"answer": false, "func": "surrounded", "args":[6,6]},
  {"answer": null, "func": "countConnectedRegions","args":[8]},
  {"answer": null, "func": "putStone", "args": [[3], [5], "O"]},
  {"answer": null, "func": "countConnectedRegions","args":[8]},
  {"answer": true, "func": "surrounded", "args":[6,6]},
  {"answer": false, "func": "surrounded", "args":[3,4]},
  {"answer": null, "func": "putStone", "args": [[3,1,1,1,2,2,3,4], [3,5,6,7,4,7,7,7], "O"]},
  {"answer": true, "func": "surrounded", "args":[3,4]},
  {"answer": true, "func": "surrounded", "args":[2,6]},
  {"answer": false, "func": "surrounded", "args":[1,6]},
  {"answer": true, "func": "surrounded", "args":[5,6]},
  {"answer": null, "func": "countConnectedRegions","args":[11]}
],[
  {
    "answer": null, "func": "init", "args": [4, 4]
  },
  {
    "answer": null, "func": "putStone", "args": [[0,1,1,2,2], [3,1,3,1,3], "O"]
  },
  {"answer": null, "func": "countConnectedRegions","args":[2]},
  {
    "answer": null, "func": "putStone", "args": [[3], [2], "O"]
  },
  {"answer": null, "func": "countConnectedRegions","args":[3]},
  {
    "answer": null, "func": "putStone", "args": [[2], [2], "O"]
  },
  {"answer": null, "func": "countConnectedRegions","args":[1]}
  ]

]