[[{"villages": 4, "road": [[0, 1, 3], [0, 2, 6], [1, 3, 5], [3, 1, 1]], "answer": 3},
{"villages": 4, "road": [[0, 1, 5], [2, 0, 4], [2, 1, 4], [3, 0, 1], [1, 0, 4], [2, 3, 2]], "answer": 1}, 
{"villages": 3, "road": [[0, 1, 3], [0, 2, 5]], "answer": 2}, 
{"villages": 10, "road": [[0, 1, 1], [1, 2, 1], [2, 3, 1], [3, 4, 1], [4, 5, 1], [5, 6, 1], [6, 7, 1], [7, 8, 1], [8, 9, 1]], "answer": 9}, 
{"villages": 10, "road": [[0, 1, 1], [0, 1, 100], [0, 2, 1], [0, 2, 100], [0, 3, 1], [0, 3, 100], [0, 4, 1], [0, 4, 100], [0, 5, 1], [0, 5, 100], [0, 6, 1], [0, 6, 100], [0, 7, 1], [0, 7, 100], [0, 8, 1], [0, 8, 100], [0, 9, 1], [0, 9, 100]], "answer": 1},
{"villages": 10, "road": [[0, 0, 1], [0, 1, 1], [0, 2, 1], [0, 3, 1], [0, 4, 1], [0, 5, 1], [0, 6, 1], [0, 7, 1], [0, 8, 1], [0, 9, 1], [1, 0, 1], [1, 1, 1], [1, 2, 1], [1, 3, 1], [1, 4, 1], [1, 5, 1], [1, 6, 1], [1, 7, 1], [1, 8, 1], [1, 9, 1], [2, 0, 1], [2, 1, 1], [2, 2, 1], [2, 3, 1], [2, 4, 1], [2, 5, 1], [2, 6, 1], [2, 7, 1], [2, 8, 1], [2, 9, 1], [3, 0, 1], [3, 1, 1], [3, 2, 1], [3, 3, 1], [3, 4, 1], [3, 5, 1], [3, 6, 1], [3, 7, 1], [3, 8, 1], [3, 9, 1], [4, 0, 1], [4, 1, 1], [4, 2, 1], [4, 3, 1], [4, 4, 1], [4, 5, 1], [4, 6, 1], [4, 7, 1], [4, 8, 1], [4, 9, 1], [5, 0, 1], [5, 1, 1], [5, 2, 1], [5, 3, 1], [5, 4, 1], [5, 5, 1], [5, 6, 1], [5, 7, 1], [5, 8, 1], [5, 9, 1], [6, 0, 1], [6, 1, 1], [6, 2, 1], [6, 3, 1], [6, 4, 1], [6, 5, 1], [6, 6, 1], [6, 7, 1], [6, 8, 1], [6, 9, 1], [7, 0, 1], [7, 1, 1], [7, 2, 1], [7, 3, 1], [7, 4, 1], [7, 5, 1], [7, 6, 1], [7, 7, 1], [7, 8, 1], [7, 9, 1], [8, 0, 1], [8, 1, 1], [8, 2, 1], [8, 3, 1], [8, 4, 1], [8, 5, 1], [8, 6, 1], [8, 7, 1], [8, 8, 1], [8, 9, 1], [9, 0, 1], [9, 1, 1], [9, 2, 1], [9, 3, 1], [9, 4, 1], [9, 5, 1], [9, 6, 1], [9, 7, 1], [9, 8, 1], [9, 9, 1]], "answer": 1}, 
{"villages": 10, "road": [[0, 9, 10], [9, 8, 1], [8, 7, 2], [7, 6, 3], [6, 5, 4], [5, 4, 5], [4, 3, 6], [3, 2, 7], [2, 1, 8]], "answer": 1}]]